Workbook

Sheet Test Plan Info
A1: Practical 4 - Login Module Test Case Suite
A3: Application Under Test | B3: https://practicetestautomation.com/practice-test-login/
A4: Module | B4: Login Module
A5: SDLC Model | B5: Agile Model
A6: Test Approach | B6: Automation-oriented (Selenium WebDriver style locators and assertions); executed manually to validate behaviour prior to script implementation
A7: Environment | B7: Web Application - Chrome 127 / Firefox 129 / Edge 127, Windows 11, 1920x1080 (plus mobile/tablet viewports via DevTools device emulation)
A8: Tester | B8: Tester
A9: Execution Date | B9: 03-Aug-2026
A10: Valid Credentials | B10: Username: student | Password: Password123
A11: Total Test Cases | B11: 35
A13: Test Category Coverage
A14: Functional Testing | B14: 6 test case(s)
A15: UI Testing | B15: 4 test case(s)
A16: Navigation Testing | B16: 4 test case(s)
A17: Boundary Testing | B17: 3 test case(s)
A18: Input Validation | B18: 5 test case(s)
A19: Performance Observation | B19: 3 test case(s)
A20: Compatibility Testing | B20: 3 test case(s)
A21: Responsive Testing | B21: 3 test case(s)
A22: Security Observation | B22: 2 test case(s)
A23: Error Handling | B23: 2 test case(s)

Sheet Test Cases
A1: Test Case ID | B1: Category | C1: Test Scenario | D1: Test Steps | E1: Test Data / Input | F1: Expected Result | G1: Actual Result | H1: Priority | I1: Status | J1: Automation Notes (Locator / Assertion)
A2: TC_AUTO_001 | B2: Functional Testing | C2: Verify successful login with valid username and password | D2: 1. Navigate to login page 2. Enter Username = student 3. Enter Password = Password123 4. Click Submit | E2: student / Password123 | F2: User is redirected to URL containing /logged-in-successfully/; page displays success text and a Log out button | G2: Redirected to /logged-in-successfully/; 'Congratulations student. You successfully logged in!' and Log out button displayed | H2: High | I2: Pass | J2: By.Id('username'), By.Id('password'), By.Id('submit'); assert driver.current_url contains '/logged-in-successfully/'
A3: TC_AUTO_002 | B3: Functional Testing | C3: Verify login fails with invalid username and valid password | D3: 1. Navigate to login page 2. Enter Username = incorrectUser 3. Enter Password = Password123 4. Click Submit | E3: incorrectUser / Password123 | F3: Error banner displayed with text 'Your username is invalid!' | G3: Error banner displayed: 'Your username is invalid!' | H3: High | I3: Pass | J3: assert By.Id('error').getText() == 'Your username is invalid!'
A4: TC_AUTO_003 | B4: Functional Testing | C4: Verify login fails with valid username and invalid password | D4: 1. Navigate to login page 2. Enter Username = student 3. Enter Password = incorrectPassword 4. Click Submit | E4: student / incorrectPassword | F4: Error banner displayed with text 'Your password is invalid!' | G4: Error banner displayed: 'Your password is invalid!' | H4: High | I4: Pass | J4: assert By.Id('error').getText() == 'Your password is invalid!'
A5: TC_AUTO_004 | B5: Functional Testing | C5: Verify login fails with invalid username and invalid password | D5: 1. Navigate to login page 2. Enter Username = wrongUser 3. Enter Password = wrongPass 4. Click Submit | E5: wrongUser / wrongPass | F5: Error banner displayed with text 'Your username is invalid!' (username validated before password) | G5: Error banner displayed: 'Your username is invalid!'; confirms validation order checks username field first | H5: Medium | I5: Pass | J5: Assert error text equals username-invalid message, not password-invalid message
A6: TC_AUTO_005 | B6: Functional Testing | C6: Verify login fails when Username field is left empty | D6: 1. Navigate to login page 2. Leave Username blank 3. Enter Password = Password123 4. Click Submit | E6: '' / Password123 | F6: Error banner displayed with text 'Your username is invalid!' | G6: Error banner displayed: 'Your username is invalid!'; empty string treated same as any non-matching value | H6: Medium | I6: Pass | J6: sendKeys('') then submit; assert error text
A7: TC_AUTO_006 | B7: Functional Testing | C7: Verify login fails when Password field is left empty | D7: 1. Navigate to login page 2. Enter Username = student 3. Leave Password blank 4. Click Submit | E7: student / '' | F7: Error banner displayed with text 'Your password is invalid!' | G7: Error banner displayed: 'Your password is invalid!' | H7: Medium | I7: Pass | J7: Assert error text equals password-invalid message
A8: TC_AUTO_007 | B8: UI Testing | C8: Verify all login page elements render correctly (fields, button, instructional text) | D8: 1. Navigate to login page 2. Verify Username field, Password field, Submit button and instructional text block are present and visible | E8: N/A | F8: Username field, Password field, Submit button and instruction text are all visible with no broken/missing elements | G8: All elements rendered correctly; instruction block listing sample credentials was visible above the form | H8: Medium | I8: Pass | J8: isDisplayed() checks on By.Id('username'), By.Id('password'), By.Id('submit')
A9: TC_AUTO_008 | B9: UI Testing | C9: Verify password input masks entered characters | D9: 1. Navigate to login page 2. Enter Password = Password123 3. Observe field rendering | E9: Password123 | F9: Characters are masked (dots/asterisks); plain text is not visible on screen | G9: Password field rendered type='password'; characters masked as expected, no visibility-toggle control present on this page | H9: Low | I9: Pass | J9: assert password field.getAttribute('type') == 'password'
A10: TC_AUTO_009 | B10: UI Testing | C10: Verify error message is displayed with correct text and visible styling on failed login | D10: 1. Navigate to login page 2. Submit invalid credentials 3. Observe error banner styling and placement | E10: incorrectUser / Password123 | F10: Error banner is visually distinct (red text/icon), placed above the form, and readable | G10: Error banner rendered in red text with a warning icon directly above the Username field; clearly legible | H10: Low | I10: Pass | J10: Verify CSS class 'show' toggled on #error element after failed submit
A11: TC_AUTO_010 | B11: UI Testing | C11: Verify Submit button provides client-side guard for empty fields | D11: 1. Navigate to login page 2. Leave both fields empty 3. Click Submit | E11: '' / '' | F11: Submit button is disabled, or an inline validation cue appears before a server/JS round trip | G11: Submit button remained enabled and clickable with both fields empty; validation only occurs after Submit is clicked and returns 'Your username is invalid!' | H11: Low | I11: Fail | J11: assert submit.isEnabled() == False -> failed; button has no disabled/aria-disabled attribute pre-submit
A12: TC_AUTO_011 | B12: Navigation Testing | C12: Verify successful login redirects to the correct URL | D12: 1. Log in with valid credentials 2. Capture resulting URL | E12: student / Password123 | F12: Resulting URL contains 'practicetestautomation.com/logged-in-successfully/' | G12: URL after redirect: https://practicetestautomation.com/logged-in-successfully/ | H12: High | I12: Pass | J12: assert '/logged-in-successfully/' in driver.current_url
... A36: TC_AUTO_035 | B36: Error Handling | C36: Verify error message updates correctly on retry without a full page reload | D36: 1. Submit an invalid username to trigger an error 2. Without reloading, correct the username and submit again with a wrong password 3. Observe the error banner content | E36: incorrectUser/Password123, then student/incorrectPassword | F36: Error banner text updates from the username message to the password message on the second submit, without requiring a page reload | G36: Error banner correctly replaced 'Your username is invalid!' with 'Your password is invalid!' on the second submit, confirming the DOM element is updated rather than appended | H36: Low | I36: Pass | J36: Assert error element text changes between the two submits within the same page session

Sheet Summary
A1: Execution Summary
A3: Total Test Cases | B3: =COUNTA('Test Cases'!A2:A36) -> 35
A4: Passed | B4: =COUNTIF('Test Cases'!I2:I36,"Pass") -> 30
A5: Failed | B5: =COUNTIF('Test Cases'!I2:I36,"Fail") -> 5
A6: Pass Percentage | B6: =ROUND(COUNTIF('Test Cases'!I2:I36,"Pass")/COUNTA('Test Cases'!A2:A36)*100,2)&"%" -> 85.71%
A8: Category-wise Breakdown
A9: Category | B9: Total | C9: Passed | D9: Failed
A10: Functional Testing | B10: =COUNTIF('Test Cases'!B2:B36,A10) -> 6 | C10: =COUNTIFS('Test Cases'!B2:B36,A10,'Test Cases'!I2:I36,"Pass") -> 6 | D10: =COUNTIFS('Test Cases'!B2:B36,A10,'Test Cases'!I2:I36,"Fail") -> 0
A11: UI Testing | B11: =COUNTIF('Test Cases'!B2:B36,A11) -> 4 | C11: =COUNTIFS('Test Cases'!B2:B36,A11,'Test Cases'!I2:I36,"Pass") -> 3 | D11: =COUNTIFS('Test Cases'!B2:B36,A11,'Test Cases'!I2:I36,"Fail") -> 1
A12: Navigation Testing | B12: =COUNTIF('Test Cases'!B2:B36,A12) -> 4 | C12: =COUNTIFS('Test Cases'!B2:B36,A12,'Test Cases'!I2:I36,"Pass") -> 2 | D12: =COUNTIFS('Test Cases'!B2:B36,A12,'Test Cases'!I2:I36,"Fail") -> 2
A13: Boundary Testing | B13: =COUNTIF('Test Cases'!B2:B36,A13) -> 3 | C13: =COUNTIFS('Test Cases'!B2:B36,A13,'Test Cases'!I2:I36,"Pass") -> 3 | D13: =COUNTIFS('Test Cases'!B2:B36,A13,'Test Cases'!I2:I36,"Fail") -> 0
A14: Input Validation | B14: =COUNTIF('Test Cases'!B2:B36,A14) -> 5 | C14: =COUNTIFS('Test Cases'!B2:B36,A14,'Test Cases'!I2:I36,"Pass") -> 5 | D14: =COUNTIFS('Test Cases'!B2:B36,A14,'Test Cases'!I2:I36,"Fail") -> 0
A15: Performance Observation | B15: =COUNTIF('Test Cases'!B2:B36,A15) -> 3 | C15: =COUNTIFS('Test Cases'!B2:B36,A15,'Test Cases'!I2:I36,"Pass") -> 3 | D15: =COUNTIFS('Test Cases'!B2:B36,A15,'Test Cases'!I2:I36,"Fail") -> 0
A16: Compatibility Testing | B16: =COUNTIF('Test Cases'!B2:B36,A16) -> 3 | C16: =COUNTIFS('Test Cases'!B2:B36,A16,'Test Cases'!I2:I36,"Pass") -> 3 | D16: =COUNTIFS('Test Cases'!B2:B36,A16,'Test Cases'!I2:I36,"Fail") -> 0
A17: Responsive Testing | B17: =COUNTIF('Test Cases'!B2:B36,A17) -> 3 | C17: =COUNTIFS('Test Cases'!B2:B36,A17,'Test Cases'!I2:I36,"Pass") -> 3 | D17: =COUNTIFS('Test Cases'!B2:B36,A17,'Test Cases'!I2:I36,"Fail") -> 0
A18: Security Observation | B18: =COUNTIF('Test Cases'!B2:B36,A18) -> 2 | C18: =COUNTIFS('Test Cases'!B2:B36,A18,'Test Cases'!I2:I36,"Pass") -> 1 | D18: =COUNTIFS('Test Cases'!B2:B36,A18,'Test Cases'!I2:I36,"Fail") -> 1
A19: Error Handling | B19: =COUNTIF('Test Cases'!B2:B36,A19) -> 2 | C19: =COUNTIFS('Test Cases'!B2:B36,A19,'Test Cases'!I2:I36,"Pass") -> 1 | D19: =COUNTIFS('Test Cases'!B2:B36,A19,'Test Cases'!I2:I36,"Fail") -> 1
